<?xml version="1.0" encoding="UTF-8"?>
<!DOCTYPE Buch SYSTEM "Buch.dtd">
<Buch titel="Pünktchen und Anton"  autor="Erich Kästner" isbn-10="_3791530147">
   <Vorwort>Was wollte ich gleich sagen? Ach ja, ich weiß schon wieder. Die Geschichte , die [...]</Vorwort>
   <Kapitel nr="_1" ueberschrift="Pünktchen spielt Theater">Als Herr Direktor Pogge mittags [...]</Kapitel>
   <Kapitel nr="_2" ueberschrift="Anton kann sogar kochen"> [...] </Kapitel>
   <!-- weitere Kapitel -->
   <Kapitel nr="_16" ueberschrift="Ende gut, alles gut"> [...] </Kapitel>
   <Nachwort>Obwohl nun die Geschichte von Pünktchen, Anton und Piefke zu Ende ist, hab ich [...]</Nachwort>
   <Klappentext>"Streichhölzer, kaufen Sie Streichhölzer, meine Herrschaften!", ruft Pünktchen [...]</Klappentext>
</Buch>