<?xml version="1.0" encoding="utf-8"?>
<rss xmlns:atom="http://www.w3.org/2005/Atom" version="2.0">
  <channel>
    <title>Deutschlandfunk Kultur - Musik</title>
    <link>https://www.deutschlandfunkkultur.de/</link>
    <atom:link rel="self" type="application/rss+xml" href="https://www.deutschlandfunkkultur.de/musik.1519.de.rss"/>
    <description>Ausgewählte aktuelle Beiträge aus dem Angebot von Deutschlandfunk Kultur</description>
    <category>Info</category>
    <ttl>60</ttl>
    <language>de-DE</language>
    <copyright>Deutschlandradio - dradio.de</copyright>
    <pubDate>Tue, 21 Sep 2021 23:37:18 +0200</pubDate>
    <lastBuildDate>Tue, 21 Sep 2021 23:37:18 +0200</lastBuildDate>
    <image>
      <url>https://www.deutschlandfunkkultur.de/themes/dradio/img/logos/dlfKultur-144x144.png</url>
      <title>Deutschlandfunk Kultur - Musik</title>
      <link>https://www.deutschlandfunkkultur.de/</link>
      <description>Feed provided by Deutschlandradio. Click to visit.</description>
    </image>
    <item>
      <title>50 Jahre Faust-Debütaufnahme - Polydor wollte etwas Wildes </title>
      <description><![CDATA[<img src="https://www.deutschlandfunkkultur.de/media/thumbs/1/1d56d2a34f85241252ebf22adf29b0dfv1_max_635x357_b3535db83dc50e27c1bb1392364c95a2.jpg?key=66dab9" alt="Das Schwarzweiß-Bild zeigt sechs Männer auf einem Feld. Sie tragen das Haar länger, zum Teil tragen sie Bart. (Universal Music)" title="Das Schwarzweiß-Bild zeigt sechs Männer auf einem Feld. Sie tragen das Haar länger, zum Teil tragen sie Bart. (Universal Music)" height="100" width="133" border="0" align="left" hspace="4" vspace="4"/>Die deutsche Band „Faust“ gilt heute als Legende des „Krautrock“. Vor 50 Jahren, am 21. September 1971, spielten sie ihr erstes Album ein. Über eine wegweisende Band, einen visionären Sound – und einen der größten Stunts der Musikgeschichte.<br clear="all"/><br/>Deutschlandfunk Kultur, Tonart<br xmlns="http://www.w3.org/1999/xhtml"/><a xmlns="http://www.w3.org/1999/xhtml" href="https://ondemand-mp3.dradio.de/file/dradio/2021/09/21/saeulen_des_krautrocks_das_debuetalbum_der_band_faust_drk_20210921_1640_14d15f82.mp3">Direkter Link zur Audiodatei</a><br/><p><br/></p>]]></description>
      <link>https://www.deutschlandfunkkultur.de/50-jahre-faust-debuetaufnahme-polydor-wollte-etwas-wildes.2177.de.html?dram:article_id=503317</link>
      <guid isPermaLink="false">article-503317</guid>
      <pubDate>Tue, 21 Sep 2021 00:00:00 +0200</pubDate>
    </item>
    <item>
      <title>Funkhauskonzert mit Lucia Cadotsch &amp; Band  - Warme Klänge zum Versinken</title>
      <description><![CDATA[<img src="https://www.deutschlandfunkkultur.de/media/thumbs/4/4b17d95117f3097ccdfb1ee83a0866a1v1_max_275x155_b3535db83dc50e27c1bb1392364c95a2.jpg?key=5f5e13" alt="Lucia Cadotsch mit offenen, langen, dunklen Haaren wird rötlich auf einem Feld angestrahlt, während sie vor dunkelblauem Himmel steht - im Hintergrund zeichnet sich ein Wald ab. (Dovile Sermokas)" title="Lucia Cadotsch mit offenen, langen, dunklen Haaren wird rötlich auf einem Feld angestrahlt, während sie vor dunkelblauem Himmel steht - im Hintergrund zeichnet sich ein Wald ab. (Dovile Sermokas)" height="100" width="133" border="0" align="left" hspace="4" vspace="4"/>Die Atmosphäre des Konzertes strömt Wärme aus: Klavier, Bass, Schlagzeug und Gesang in entspannter Gangart. Die Schweizer Jazz-Sängerin Lucia Cadotsch stellt das erste Mal ihr neues Quartett mit sanften Eigenkompositionen und Musik von Weill und Newman vor.<br clear="all"/><br/>Deutschlandfunk Kultur, In Concert<br/><p><br/></p>]]></description>
      <link>https://www.deutschlandfunkkultur.de/funkhauskonzert-mit-lucia-cadotsch-band-warme-klaenge-zum.1028.de.html?dram:article_id=503305</link>
      <guid isPermaLink="false">article-503305</guid>
      <pubDate>Tue, 21 Sep 2021 09:11:00 +0200</pubDate>
    </item>
  </channel>
</rss>
